k-mer,number of proteins,percentage,all,(Out of 26097 proteins in total)
TTTTTTTTTT,34,0.001303,"['106079641', '106055051', '106076170', '106067786', '106073644', '106060692', '106058780', '106062836', '106050543', '106054337', '106068371', '106070092', '106057099', '106076034', '106063774', '106056053', '106064392', '106055144', '106057947', '106071586', '106067645', '106071610', '106068349', '106055607', '106072522', '106054206', '106054962', '106075235', '106072387', '106066856', '106061924', '106079083', '106057178', '106063259']"
TTTTTPTTTT,20,0.000766,"['106070092', '106055893', '106059441', '106079083', '106063449', '106066853', '106060692', '106066856', '106075235', '106071586', '106056436', '106071610', '106067786', '106068349', '106062836', '106055606', '106055607', '106072522', '106054754', '106058941']"
PPPPPPPPPP,19,0.000728,"['106064136', '106066022', '106051077', '106057569', '106061005', '106051992', '106055370', '106072001', '106054109', '106057178', '106073422', '106052133', '106070260', '106065119', '106068592', '106063886', '106056113', '106054594', '106050830']"
TTTTTTTTTP,16,0.000613,"['106070092', '106057099', '106055051', '106076170', '106071586', '106057178', '106074436', '106066856', '106075235', '106079083', '106067645', '106068349', '106060692', '106055607', '106072522', '106068371']"
TTTTPTTTTT,16,0.000613,"['106070092', '106067786', '106059441', '106071586', '106061829', '106077908', '106066856', '106079083', '106071610', '106068349', '106062836', '106055606', '106055607', '106072522', '106054754', '106058941']"
SSSSSSSSSS,15,0.000575,"['106078347', '106076189', '106060172', '106072379', '106061033', '106063061', '106075768', '106066752', '106060811', '106070250', '106074894', '106069575', '106052133', '106070641', '106070137']"
TTTSTTTTTT,15,0.000575,"['106070092', '106057099', '106051912', '106070615', '106073644', '106079309', '106067645', '106066857', '106075235', '106079083', '106070436', '106074102', '106067786', '106050855', '106076963']"
TTTTTTPTTT,15,0.000575,"['106070092', '106067786', '106079083', '106066853', '106066856', '106075235', '106071586', '106056436', '106071610', '106068349', '106060692', '106055607', '106054754', '106050855', '106058941']"
QQQQQQQQQQ,14,0.000536,"['106054806', '106051614', '106066481', '106054240', '106061519', '106074483', '106076383', '106060855', '106074822', '106056498', '106056285', '106051093', '106058481', '106063110']"
STTTTTTTTT,14,0.000536,"['106070092', '106057099', '106076170', '106073644', '106075235', '106079083', '106067645', '106058780', '106056053', '106061844', '106054582', '106063259', '106072522', '106057096']"
GKSATGNSIL,14,0.000536,"['106072106', '106070412', '106072419', '106050154', '106050145', '106065520', '106078304', '106073013', '106062596', '106073024', '106078303', '106078205', '106080244', '106070413']"
PTTTTTTTTT,13,0.000498,"['106076034', '106067786', '106063774', '106062836', '106055051', '106066856', '106079083', '106057178', '106071610', '106050543', '106055607', '106054206', '106077908']"
VHCSAGVGRT,12,0.00046,"['106069489', '106067448', '106068869', '106064527', '106075356', '106057775', '106055511', '106056429', '106074363', '106074838', '106052930', '106050508']"
DDDDDDDDDD,12,0.00046,"['106053514', '106068216', '106069252', '106066488', '106056248', '106057289', '106066620', '106075439', '106065130', '106052924', '106060551', '106072625']"
TSTTTTTTTT,12,0.00046,"['106070092', '106057099', '106073644', '106079083', '106054069', '106074102', '106075235', '106071586', '106067645', '106061844', '106054582', '106057096']"
FAYGQTGSGK,12,0.00046,"['106069714', '106054836', '106071594', '106064863', '106050457', '106055400', '106071445', '106075083', 'W5VJC1', '106071748', '106057456', '106059144']"
TTSTTTTTTT,12,0.00046,"['106070092', '106057099', '106051912', '106070615', '106073644', '106071921', '106074102', '106075235', '106079083', '106067645', '106071197', '106057096']"
HCSAGVGRTG,12,0.00046,"['106069489', '106067448', '106068869', '106064527', '106075356', '106057775', '106055511', '106056429', '106074363', '106074838', '106052930', '106050508']"
QVWFQNRRAK,12,0.00046,"['106057381', '106069040', '106075071', '106065211', '106066660', '106055759', '106063388', '106066306', '106061559', '106060820', '106071304', '106052705']"
TTTTSTTTTT,12,0.00046,"['106070092', '106056599', '106051912', '106070615', '106079309', '106060424', '106066857', '106057099', '106070436', '106055607', '106067786', '106059441']"
TTTTTTTPTT,11,0.000422,"['106076170', '106070615', '106071586', '106066856', '106075235', '106079083', '106056436', '106068349', '106060692', '106055607', '106058941']"
AYGQTGSGKT,11,0.000422,"['106069714', '106060892', '106071748', '106076225', '106052406', '106055400', '106071445', '106075083', 'W5VJC1', '106064863', '106059144']"
CEGCKGFFRR,11,0.000422,"['106052335', '106059666', '106077990', '106056813', '106073033', '106057265', '106054226', '106070249', '106064812', '106063832', '106054320']"
CSAGVGRTGT,11,0.000422,"['106069489', '106067448', '106064527', '106075356', '106057775', '106055511', '106056429', '106074363', '106074838', '106052930', '106050508']"
TTTTTTTTPT,10,0.000383,"['106076170', '106071586', '106066856', '106075235', '106079083', '106056436', '106068349', '106060692', '106055607', '106058941']"
RGRGRGRGRG,10,0.000383,"['106053503', '106071754', '106067153', '106069901', '106070558', '106069907', '106060818', '106054040', '106062789', '106058682']"
APPPPPPPPP,10,0.000383,"['106066022', '106051077', '106061005', '106072001', '106055370', '106060436', '106068592', '106052133', '106056113', '106050830']"
TGNGKSATGN,10,0.000383,"['106075774', '106072419', '106050236', '106071290', '106078303', '106050145', '106065520', '106052982', '106060037', '106070413']"
TTTTTSTTTT,10,0.000383,"['106070092', '106056599', '106051912', '106070615', '106079309', '106057418', '106066857', '106055607', '106067786', '106059441']"
TTTTTTTSTT,10,0.000383,"['106063638', '106067786', '106070615', '106071921', '106057418', '106073402', '106061924', '106071197', '106054582', '106075950']"
TTTPTTTTTT,10,0.000383,"['106061829', '106077908', '106066856', '106071586', '106071610', '106058153', '106062836', '106055607', '106054754', '106058941']"
QVKIWFQNRR,10,0.000383,"['106068617', '106053752', '106067434', '106062863', '106053031', '106074393', '106059292', '106052702', '106071506', '106052733']"
YCLFGDTVNT,9,0.000345,"['106071915', '106058340', '106061180', '106050884', '106053278', '106060921', '106053202', '106051598', '106058463']"
DDDDDDDDDE,9,0.000345,"['106053514', '106062666', '106069738', '106056248', '106077764', '106057289', '106065130', '106052924', '106056397']"
LLDDPLSAVD,9,0.000345,"['106076375', '106051830', '106068717', '106055334', '106061294', '106071229', '106062148', '106078860', '106057128']"
CLFGDTVNTA,9,0.000345,"['106071915', '106058340', '106061180', '106050884', '106053278', '106060921', '106053202', '106051598', '106058463']"
YKVETIGDAY,9,0.000345,"['106071915', '106058340', '106062869', '106052464', '106067796', '106062254', '106076464', '106053278', '106052800']"
LADEMGLGKT,9,0.000345,"['106068963', '106051881', '106051793', '106074490', '106078781', '106064963', '106078180', '106051202', '106050971']"
NSIRHNLSLN,9,0.000345,"['106053500', '106074974', '106074106', '106064112', '106053069', '106052751', '106080155', '106065769', '106057422']"
TRAGGLGINL,9,0.000345,"['106068963', '106051881', '106052017', '106078180', '106076136', '106051202', '106077067', '106050971', '106057324']"
TTTTTTSTTT,9,0.000345,"['106056599', '106067786', '106070615', '106075950', '106057418', '106066857', '106054754', '106061924', '106068637']"
VYKVETIGDA,9,0.000345,"['106071915', '106058340', '106062869', '106052464', '106067796', '106062254', '106076464', '106053278', '106052800']"
EEEEEEEEEE,9,0.000345,"['106053130', '106058905', '106077992', '106074995', '106058323', '106070297', '106076285', '106069901', '106064580']"
ILADEMGLGK,9,0.000345,"['106068963', '106051881', '106051793', '106074490', '106078781', '106064963', '106078180', '106051202', '106050971']"
KVETIGDAYM,9,0.000345,"['106071915', '106058340', '106062869', '106052464', '106067796', '106062254', '106076464', '106053278', '106052800']"
TTPTTTTTTT,9,0.000345,"['106063860', '106067786', '106061829', '106077908', '106066856', '106071586', '106062836', '106055607', '106058941']"
WFQNRRAKWR,9,0.000345,"['106057381', '106075071', '106066670', '106063294', '106066306', '106061559', '106060820', '106055759', '106052705']"
GPAGTGKTET,9,0.000345,"['106061794', '106065072', '106050369', '106050283', '106076565', '106060634', '106056266', '106059156', '106056532']"
GKTGNGKSAT,9,0.000345,"['106075774', '106070566', '106050236', '106071290', '106050145', '106065520', '106052982', '106060037', '106070413']"
VTMTTVGYGD,9,0.000345,"['106079518', '106055730', '106068965', '106052238', '106065978', '106072560', '106070291', '106079353', '106062321']"
VRCFQCGLGL,8,0.000307,"['106076696', '106065696', '106078834', '106065705', '106078927', '106076982', '106064251', '106058665']"
RCFQCGLGLR,8,0.000307,"['106076696', '106065696', '106078834', '106065705', '106078927', '106076982', '106064251', '106058665']"
PTTTTTPTTT,8,0.000307,"['106070092', '106059441', '106066856', '106068827', '106062836', '106055607', '106072522', '106054754']"
GNGKSATGNS,8,0.000307,"['106072419', '106050154', '106050145', '106065520', '106078304', '106078303', '106070412', '106070413']"
LGHNGAGKTT,8,0.000307,"['106072029', '106056249', '106078816', '106074322', '106070643', '106073553', '106076343', '106054527']"
CVRCFQCGLG,8,0.000307,"['106076696', '106065696', '106078834', '106065705', '106078927', '106076982', '106064251', '106058665']"
HRDLAARNVL,8,0.000307,"['106065621', '106066507', '106062004', '106056831', '106071935', '106061451', '106057675', '106080339']"
DDDDDDDDED,8,0.000307,"['106053514', '106057289', '106069738', '106067747', '106051449', '106056248', '106052924', '106056488']"
NLVDLAGSER,8,0.000307,"['106069714', '106054825', '106079439', '106050457', '106055400', '106056808', '106054545', '106059144']"
YGPPGTGKTL,8,0.000307,"['106062006', '106061802', '106077172', '106080125', 'KATNAL2', 'W5VJC5', '106067013', '106066400']"
HRDLAARNIL,8,0.000307,"['106067432', '106054275', '106059224', '106070398', '106050562', '106059290', '106055738', '106077622']"
YTANLAAFLT,8,0.000307,"['106069195', '106056661', '106075810', '106076213', '106079962', '106079964', '106060445', '106067466']"
FQCGLGLRSW,8,0.000307,"['106076696', '106065696', '106078834', '106065705', '106078927', '106076982', '106064251', '106058665']"
KTGNGKSATG,8,0.000307,"['106075774', '106050236', '106071290', '106050145', '106065520', '106052982', '106060037', '106070413']"
MPRYCLFGDT,8,0.000307,"['106071915', '106058340', '106052464', '106061180', '106050884', '106053278', '106062254', '106060921']"
TTTTTTTTTS,8,0.000307,"['106067786', '106055144', '106061924', '106071197', '106058780', '106056053', '106054582', '106050853']"
GTPYWMAPEV,8,0.000307,"['106056979', '106066488', '106059440', '106070040', '106058270', '106069858', '106080307', '106067060']"
GVGRTGTFIA,8,0.000307,"['106069489', '106064527', '106059782', '106056429', '106074363', '106074838', '106052930', '106050508']"
NGKSATGNSI,8,0.000307,"['106072419', '106050154', '106050145', '106065520', '106078304', '106078303', '106070412', '106070413']"
AGVGRTGTFI,8,0.000307,"['106069489', '106064527', '106059782', '106056429', '106074363', '106074838', '106052930', '106050508']"
FQNRRAKWRK,8,0.000307,"['106057381', '106075071', '106066670', '106066306', '106061559', '106060820', '106055759', '106052705']"
CFQCGLGLRS,8,0.000307,"['106076696', '106065696', '106078834', '106065705', '106078927', '106076982', '106064251', '106058665']"
RLVITPLTDR,8,0.000307,"['106061794', '106065072', '106050369', '106050283', '106060634', '106056532', '106059156', '106056266']"
DCVRCFQCGL,8,0.000307,"['106076696', '106065696', '106078834', '106065705', '106078927', '106076982', '106064251', '106058665']"
EDDDDDDDDD,8,0.000307,"['106053514', '106069738', '106066488', '106066620', '106065130', '106072625', '106060551', '106070650']"
VWFQNRRAKW,8,0.000307,"['106057381', '106075071', '106055759', '106066306', '106061559', '106060820', '106071304', '106052705']"
TCPGSSGAPV,8,0.000307,"['106054502', '106067845', '106053656', '106050604', '106053079', '106050471', '106057312', '106065299']"
RYCLFGDTVN,8,0.000307,"['106071915', '106058340', '106052464', '106061180', '106050884', '106053278', '106062254', '106060921']"
STRAGGLGIN,8,0.000307,"['106068963', '106052017', '106078180', '106076136', '106051202', '106077067', '106050971', '106057324']"
PRYCLFGDTV,8,0.000307,"['106071915', '106058340', '106052464', '106061180', '106050884', '106053278', '106062254', '106060921']"
HTGEKPFKCE,7,0.000268,"['106066485', '106066905', '106052241', '106052074', '106061900', '106052066', '106056186']"
AGPAGTGKTE,7,0.000268,"['106065072', '106050369', '106050283', '106076565', '106060634', '106059156', '106056266']"
GWFGYKCQYR,7,0.000268,"['106079461', '106051129', '106078994', '106065968', '106074076', '106067493', '106059067']"
KMPRYCLFGD,7,0.000268,"['106071915', '106058340', '106052464', '106071376', '106062254', '106053278', '106052800']"
GTGKTETTKD,7,0.000268,"['106065072', '106057595', '106076565', '106060634', '106051253', '106059156', '106056266']"
PAGTGKTETT,7,0.000268,"['106065072', '106057595', '106076565', '106060634', '106051253', '106059156', '106056266']"
GGWIIFQRRI,7,0.000268,"['106074953', 'Q6EKX4', 'FREPK4', 'FREP13.1', 'FREPB', '106057349', 'Q5YDA2']"
WDTAGQERFR,7,0.000268,"['106076483', '106051224', '106077482', '106064106', '106057612', '106051492', '106070657']"
HIRTHTGEKP,7,0.000268,"['106078346', '106077381', '106062754', '106077503', '106058739', '106055508', '106057703']"
SYTANLAAFL,7,0.000268,"['106069195', '106075810', '106076213', '106079962', '106079964', '106064568', '106067466']"
TTPTTTSTTT,7,0.000268,"['106063877', '106071908', '106054754', '106071586', '106067645', '106071197', '106075950']"
KSATGNSILG,7,0.000268,"['106072419', '106050154', '106078304', '106073013', '106062596', '106073024', '106078303']"
DEMGLGKTIQ,7,0.000268,"['106068963', '106051881', '106078781', '106074490', '106064963', '106061886', '106050971']"
AGTGKTETTK,7,0.000268,"['106065072', '106057595', '106076565', '106060634', '106051253', '106059156', '106056266']"
TTPTTTTTST,7,0.000268,"['106070092', '106059441', '106063768', '106071908', '106073402', '106054754', '106066857']"
GGAPAGPAGT,7,0.000268,"['106065072', '106050369', '106050283', '106076565', '106060634', '106059156', '106057040']"
VQVWFQNRRA,7,0.000268,"['106057381', '106075071', '106065211', '106066660', '106055759', '106063388', '106071304']"
ITMNPGYAGR,7,0.000268,"['106061794', '106065072', '106055422', '106071343', '106060369', '106056532', '106056266']"
PAGPAGTGKT,7,0.000268,"['106065072', '106050369', '106050283', '106076565', '106060634', '106059156', '106056266']"
TTTTTTTTST,7,0.000268,"['106067786', '106070615', '106066857', '106061924', '106071197', '106054582', '106075950']"
IHTGEKPFKC,7,0.000268,"['106079225', '106054484', '106052241', '106071790', '106074882', '106058739', '106079076']"
LFGDTVNTAS,7,0.000268,"['106071915', '106058340', '106061180', '106050884', '106053278', '106060921', '106058463']"
DTVNTASRME,7,0.000268,"['106071915', '106058340', '106061180', '106050884', '106053278', '106060921', '106058463']"
STTTTTPTTT,7,0.000268,"['106055893', '106075745', '106071908', '106054754', '106071586', '106071197', '106059515']"
APAGPAGTGK,7,0.000268,"['106065072', '106050369', '106050283', '106076565', '106060634', '106059156', '106056266']"
HRDLKPENLL,7,0.000268,"['106080129', '106063704', '106066125', '106077998', '106066532', '106056256', '106066363']"
GAPAGPAGTG,7,0.000268,"['106065072', '106050369', '106050283', '106076565', '106060634', '106059156', '106056266']"
VGRTGTFIAL,7,0.000268,"['106069489', '106064527', '106059782', '106056429', '106074363', '106052930', '106050508']"
IQGPPGTGKT,7,0.000268,"['106069345', '106061166', '106061826', '106080276', '106052505', '106052895', '106061858']"
TPTTTTTSTT,7,0.000268,"['106070092', '106059441', '106063768', '106071908', '106066857', '106054754', '106076963']"
DEDDDDDDDD,7,0.000268,"['106061370', '106069738', '106066488', '106066620', '106065130', '106074940', '106072911']"
VGLGNVWRFP,7,0.000268,"['106054028', '106074865', '106052972', '106062904', '106061809', '106061237', '106067933']"
TTTTPTTTTP,7,0.000268,"['106063449', '106066853', '106071586', '106056436', '106068827', '106055607', '106058941']"
PTTTTTSTTT,7,0.000268,"['106070092', '106069341', '106059441', '106079309', '106066857', '106054754', '106055607']"
IFAYGQTGSG,7,0.000268,"['106069714', '106064863', '106055400', '106071445', '106071594', '106057456', '106059144']"
TTTPTTTTTS,7,0.000268,"['106070092', '106059441', '106063768', '106073402', '106054754', '106066857', '106055607']"
FGDTVNTASR,7,0.000268,"['106071915', '106058340', '106061180', '106050884', '106053278', '106060921', '106058463']"
GLGNVWRFPY,7,0.000268,"['106054028', '106074865', '106052972', '106062904', '106061809', '106061237', '106067933']"
YIHRVGRTAR,7,0.000268,"['106070312', '106066800', '106079853', '106056236', '106068062', '106059169', '106063271']"
WQNSIRHNLS,7,0.000268,"['106053500', '106074106', '106064112', '106053069', '106052751', '106080155', '106065769']"
FITMNPGYAG,7,0.000268,"['106061794', '106065072', '106055422', '106071343', '106060369', '106056532', '106056266']"
SAGVGRTGTF,7,0.000268,"['106069489', '106064527', '106056429', '106074363', '106074838', '106052930', '106050508']"
VITPLTDRCY,7,0.000268,"['106061794', '106065072', '106050369', '106050283', '106060634', '106056532', '106056266']"
YLLDDPLSAV,7,0.000268,"['106076375', '106051830', '106068717', '106055334', '106061294', '106062148', '106057128']"
LVITPLTDRC,7,0.000268,"['106061794', '106065072', '106050369', '106050283', '106060634', '106056532', '106056266']"
GKSSTGNSIL,7,0.000268,"['106078301', '106071107', '106053987', '106051374', '106070427', '106070431', '106070415']"
SRSSSSSSSS,7,0.000268,"['106075768', '106067482', '106056150', '106070250', '106075295', '106063346', '106070641']"
QCGLGLRSWK,7,0.000268,"['106076696', '106065696', '106078834', '106078927', '106076982', '106064251', '106058665']"
GDTVNTASRM,7,0.000268,"['106071915', '106058340', '106061180', '106050884', '106053278', '106060921', '106058463']"
IVSHPHGCSK,7,0.000268,"['106071891', '106074963', '106066487', '106050334', '106075259', '106068246', '106074731']"
GGGGGGGGGG,7,0.000268,"['106071753', '106064375', '106061138', '106075231', '106079609', '106072650', '106054996']"
QNSIRHNLSL,7,0.000268,"['106053500', '106074106', '106064112', '106053069', '106052751', '106080155', '106065769']"
SGESGAGKTE,7,0.000268,"['106074351', '106056704', '106050201', '106067502', '106058702', '106055370', '106056384']"
GNGKSATGNT,6,0.00023,"['106075774', '106060148', '106050236', '106071290', '106052982', '106060037']"
RSSSSSSSSS,6,0.00023,"['106076189', '106056150', '106066752', '106070250', '106075295', '106070641']"
TTTPTTTSTT,6,0.00023,"['106075745', '106071908', '106071586', '106067645', '106071197', '106075950']"
TVNTASRMES,6,0.00023,"['106071915', '106058340', '106061180', '106050884', '106060921', '106058463']"
STTTTSTTTT,6,0.00023,"['106055893', '106059441', '106063768', '106054386', '106070436', '106055607']"
LGNVWRFPYL,6,0.00023,"['106054028', '106074865', '106052972', '106062904', '106061237', '106067933']"
GGGWIIFQRR,6,0.00023,"['Q6EKX4', 'FREPK2-as2', 'Q5YDA2', 'FREP13.1', 'FREPB', 'FREPF']"
VETIGDAYMV,6,0.00023,"['106071915', '106074850', '106062869', '106052464', '106062254', '106052800']"
LLIGKTGNGK,6,0.00023,"['106050236', '106065520', '106050215', '106070430', '106060037', '106070413']"
TTPTTTTTPT,6,0.00023,"['106070092', '106066856', '106068827', '106055607', '106072522', '106054754']"
TTTPTTTTTP,6,0.00023,"['106070092', '106066856', '106068827', '106055607', '106072522', '106054754']"
AHELGHSLSA,6,0.00023,"['106073983', '106064023', '106052333', '106069912', '106061523', '106073612']"
ISGESGAGKT,6,0.00023,"['106056704', '106050201', '106067502', '106055370', '106052723', '106056384']"
LIGKTGNGKS,6,0.00023,"['106050236', '106065520', '106050215', '106070430', '106060037', '106070413']"
TKTDGGGWII,6,0.00023,"['Q6EKX4', 'FREPK2-as2', 'Q5YDA2', 'FREP13.1', 'FREPB', 'FREPF']"
KTDGGGWIIF,6,0.00023,"['Q6EKX4', 'FREPK2-as2', 'Q5YDA2', 'FREP13.1', 'FREPB', 'FREPF']"
VSHPHGCSKQ,6,0.00023,"['106054502', '106074963', '106066487', '106050334', '106068246', '106074731']"
TPTTTTTPTT,6,0.00023,"['106070092', '106066856', '106068827', '106055607', '106072522', '106054754']"
MCDTKTDGGG,6,0.00023,"['A0A1C7CZZ7', 'FREPK2-as2', 'FREPK1', 'FREPB', 'Q8WQX8', 'FREPF']"
LSGGQKQRIS,6,0.00023,"['106076233', '106079166', '106055692', '106053410', '106078860', '106073827']"
CEGCKGFFKR,6,0.00023,"['106060296', '106071245', '106062531', '106066152', 'RXR', '106069992']"
HRDLKPENIL,6,0.00023,"['106066486', '106064461', '106070907', '106052819', '106070381', '106067930']"
VHRDLAARNV,6,0.00023,"['106065621', '106057675', '106062004', '106056831', '106066507', '106080339']"
LLYGPPGTGK,6,0.00023,"['106061802', '106077172', '106080125', 'KATNAL2', '106052905', '106067013']"
TTPTTTTPTT,6,0.00023,"['106063449', '106054754', '106056436', '106068827', '106055607', '106058941']"
IKVLKLYAWE,6,0.00023,"['106068717', '106065193', '106057452', '106071419', '106060250', '106058874']"
SSSSSSSSSE,6,0.00023,"['106078347', '106076189', '106075046', '106056150', '106074894', '106052133']"
RVQVWFQNRR,6,0.00023,"['106057381', '106075071', '106065211', '106055759', '106063388', '106071304']"
EEEEEEEEED,6,0.00023,"['106060897', '106069716', '106053130', '106064580', '106076285', '106066391']"
ADIYLLDDPL,6,0.00023,"['106076375', '106079166', '106055334', '106061294', '106062148', '106053410']"
LSTRAGGLGI,6,0.00023,"['106068963', '106078180', '106052017', '106051202', '106077067', '106050971']"
DVYKVETIGD,6,0.00023,"['106071915', '106062869', '106067796', '106052464', '106062254', '106052800']"
NDNSSRFGKY,6,0.00023,"['106050201', '106067502', '106060972', '106075614', '106055745', '106057773']"
TDGGGWIIFQ,6,0.00023,"['Q6EKX4', 'FREPK2-as2', 'Q5YDA2', 'FREP13.1', 'FREPB', 'FREPF']"
IWDTAGQERF,6,0.00023,"['106069359', '106064106', '106051946', '106056917', '106052646', '106076968']"
ADEMGLGKTI,6,0.00023,"['106068963', '106051881', '106078781', '106074490', '106064963', '106050971']"
LLSTRAGGLG,6,0.00023,"['106068963', '106064963', '106078180', '106052017', '106077067', '106050971']"
TTATTTTTTT,6,0.00023,"['106063860', '106069582', '106056436', '106051476', '106061906', '106061552']"
SCEGCKGFFR,6,0.00023,"['106070249', '106059666', '106056813', '106057265', '106052335', '106064812']"
IGKTGNGKSA,6,0.00023,"['106050236', '106065520', '106050215', '106070430', '106060037', '106070413']"
TPTTTTTTPT,6,0.00023,"['106066856', '106071610', '106058153', '106055607', '106054754', '106058941']"
TPTTTTTTTT,6,0.00023,"['106067786', '106061829', '106077908', '106066856', '106071586', '106055607']"
PTTTTTTPTT,6,0.00023,"['106070092', '106066856', '106071610', '106058153', '106055607', '106054754']"
SSYTANLAAF,6,0.00023,"['106069195', '106075810', '106076213', '106079962', '106079964', '106067466']"
GHNGAGKTTT,6,0.00023,"['106072029', '106078816', '106074322', '106070643', '106073553', '106054527']"
VVHCSAGVGR,6,0.00023,"['106069489', '106064527', '106075356', '106079521', '106074838', '106050508']"
LYGPPGTGKT,6,0.00023,"['106061802', '106077172', '106080125', 'KATNAL2', 'W5VJC5', '106067013']"
GRGRGRGRGR,6,0.00023,"['106053503', '106071754', '106069907', '106060818', '106067153', '106058682']"
GILADEMGLG,6,0.00023,"['106078781', '106074490', '106051793', '106064963', '106078180', '106051202']"
LLLTGTPLQN,6,0.00023,"['106068963', '106078781', '106074490', '106064963', '106051202', '106052018']"
DGGGWIIFQR,6,0.00023,"['Q6EKX4', 'FREPK2-as2', 'Q5YDA2', 'FREP13.1', 'FREPB', 'FREPF']"
ISSYTANLAA,6,0.00023,"['106069195', '106075810', '106076213', '106079962', '106079964', '106067466']"
FLLSTRAGGL,6,0.00023,"['106068963', '106064963', '106078180', '106052017', '106077067', '106050971']"
TANLAAFLTV,6,0.00023,"['106069730', '106076213', '106056784', '106079962', '106079964', '106060445']"
NGTIFAYGQT,6,0.00023,"['106069714', '106054389', '106073099', '106064863', '106053636', '106056808']"
TTPTTTTTTP,6,0.00023,"['106066856', '106071610', '106058153', '106055607', '106054754', '106058941']"
TPTCPGSSGA,6,0.00023,"['106053656', '106065741', '106054936', '106050471', '106057312', '106066919']"
LVDLAGSERA,6,0.00023,"['106054825', '106079439', '106055400', '106077640', '106057456', '106056271']"
IYLLDDPLSA,6,0.00023,"['106076375', '106051830', '106068717', '106055334', '106061294', '106062148']"
DIYLLDDPLS,6,0.00023,"['106076375', '106051830', '106068717', '106055334', '106061294', '106062148']"
TTTTSTTTTS,6,0.00023,"['106067786', '106063768', '106054386', '106065490', '106055893', '106067717']"
TQVKIWFQNR,6,0.00023,"['106071506', '106062863', '106053031', '106074393', '106059292', '106052733']"
AVGLGNVWRF,5,0.000192,"['106067728', '106054028', '106074865', '106061237', '106052972']"
TMTTVGYGDM,5,0.000192,"['106055730', '106072560', '106070291', '106068965', '106079353']"
KIWFQNRRMK,5,0.000192,"['106052702', '106067332', 'A0A2C9LLZ0', '106056572', '106052733']"
RCQYCRLQKC,5,0.000192,"['106059666', '106063832', '106070249', '106066152', '106077990']"
GIKVLKLYAW,5,0.000192,"['106065193', '106071419', '106060250', '106058874', '106068717']"
GKSSTGNTIL,5,0.000192,"['106070416', '106075351', '106068893', '106069200', '106059809']"
TTTTPTTTST,5,0.000192,"['106075745', '106071586', '106071908', '106075950', '106071197']"
GRTGAGKSSL,5,0.000192,"['106059215', '106062148', '106051830', '106079167', '106057128']"
EGCKGFFRRS,5,0.000192,"['106056813', '106073033', '106052335', '106070249', '106077990']"
HCSAGIGRTG,5,0.000192,"['106051078', '106072917', '106068515', '106073857', '106064367']"
PTTTSTTTTT,5,0.000192,"['106066858', '106067645', '106076963', '106063488', '106079083']"
TMNPGYAGRT,5,0.000192,"['106065072', '106060369', '106061794', '106071343', '106056266']"
LTETQVKIWF,5,0.000192,"['106071506', '106059292', '106052733', '106074393', '106062863']"
LTFIVSHPHG,5,0.000192,"['106071891', '106053064', '106080343', '106066930', '106050334']"
TGKTETTKDL,5,0.000192,"['106065072', '106051253', '106056266', '106059156', '106060634']"
GAWGCFDEFN,5,0.000192,"['106055954', '106061794', '106055422', '106076042', '106071343']"
MNPGYAGRTE,5,0.000192,"['106065072', '106060369', '106061794', '106071343', '106056266']"
CTCPGSSGAP,5,0.000192,"['106074035', '106066930', '106056694', '106062608', '106071038']"
KGKKGKKGKK,5,0.000192,"['106055720', '106069025', '106056867', '106063879', '106072383']"
LKMPRYCLFG,5,0.000192,"['106071376', '106051817', '106052800', '106053202', '106074850']"
YGGRVTDDWD,5,0.000192,"['106076095', '106056933', '106066676', '106065753', '106066642']"
GLKVMCDTKT,5,0.000192,"['FREPB', 'FREPK2-as2', 'Q8WQX8', 'FREPF', 'FREPK1']"
FIVSHPHGCS,5,0.000192,"['106068246', '106071891', '106050334', '106075259', '106066487']"
GYWFGHPHNH,5,0.000192,"['106050989', '106056994', '106068390', '106068391', '106068405']"
GPPPPPPPPP,5,0.000192,"['106053302', '106055370', '106054109', '106051992', '106063886']"
TTTPTTTTPT,5,0.000192,"['106063449', '106055607', '106056436', '106068827', '106058941']"
RDLAARNILV,5,0.000192,"['106059224', '106070398', '106077622', '106059290', '106050562']"
NGKSATGNTI,5,0.000192,"['106060037', '106075774', '106052982', '106050236', '106060148']"
VMCDTKTDGG,5,0.000192,"['FREPB', 'FREPK2-as2', 'Q8WQX8', 'FREPF', 'FREPK1']"
IHRVGRTARA,5,0.000192,"['106068062', '106063271', '106079853', '106070312', '106059169']"
YAVGLGNVWR,5,0.000192,"['106067728', '106054028', '106074865', '106061237', '106052972']"
WIIFQRRING,5,0.000192,"['FREPK4', 'FREP13.1', '106074953', '106057349', 'Q6EKX4']"
SGPVVAGVVG,5,0.000192,"['106076464', '106074850', '106062254', '106060921', '106052464']"
TTTPSTTTTT,5,0.000192,"['106071586', '106071908', '106068637', '106061553', '106073402']"
GDLIDNDCDG,5,0.000192,"['106080226', '106055565', '106051912', '106066624', '106059397']"
TTPSTTTTTT,5,0.000192,"['106074102', '106079450', '106068637', '106061553', '106073402']"
VGRTGAGKSS,5,0.000192,"['106059215', '106062148', '106051830', '106079167', '106057128']"
TSTTTTSTTT,5,0.000192,"['106063768', '106067786', '106062126', '106055893', '106071908']"
QRVSLARAVY,5,0.000192,"['106055337', '106069554', '106062548', '106057293', '106068717']"
LLGHNGAGKT,5,0.000192,"['106072029', '106078816', '106056249', '106074322', '106054527']"
DTKTDGGGWI,5,0.000192,"['FREPB', 'FREPK2-as2', 'Q8WQX8', 'FREPF', 'A0A1C7CZZ7']"
DDDDDDEDED,5,0.000192,"['106057289', '106052924', '106080104', '106051449', '106078260']"
TPTTTTPTTT,5,0.000192,"['106063449', '106055607', '106058941', '106068827', '106054754']"
LQLWDTAGQE,5,0.000192,"['106051310', '106057612', '106077482', '106076483', '106051224']"
IISGESGAGK,5,0.000192,"['106067502', '106056704', '106052723', '106055370', '106056384']"
YDVYKVETIG,5,0.000192,"['106071915', '106062254', '106052800', '106062869', '106052464']"
QIWDTAGQER,5,0.000192,"['106056917', '106064106', '106076968', '106069359', '106051946']"
KQRVSLARAV,5,0.000192,"['106055337', '106069554', '106062548', '106057293', '106068717']"
VHTGEKPFKC,5,0.000192,"['106062393', '106079561', '106052074', '106059125', '106054170']"
FVHRDLAARN,5,0.000192,"['106059290', 'Q9NJV5', '106057633', '106068121', '106080339']"
QLWDTAGQER,5,0.000192,"['106051310', '106057612', '106077482', '106076483', '106051224']"
LNLVDLAGSE,5,0.000192,"['106077592', '106069714', '106054545', '106059144', '106071445']"
AWGCFDEFNR,5,0.000192,"['106055954', '106061794', '106055422', '106076042', '106071343']"
VVGLKMPRYC,5,0.000192,"['106071376', '106051817', '106052800', '106053202', '106074850']"
CYTNHALDQF,5,0.000192,"['106080276', '106052895', '106061858', '106052505', '106069345']"
TTSTTTTSTT,5,0.000192,"['106063768', '106067786', '106062126', '106055893', '106071908']"
LQQQQQQQQQ,5,0.000192,"['106074822', '106079653', '106051614', '106056285', '106058004']"
GPPGPPGPPG,5,0.000192,"['106054960', '106067218', '106060279', '106079144', '106050879']"
GKSATGNTIL,5,0.000192,"['106060037', '106075774', '106052982', '106050236', '106060148']"
VEHARWFPKC,5,0.000192,"['106057521', '106057518', '106073990', '106061666', '106069078']"
LKVMCDTKTD,5,0.000192,"['FREPB', 'FREPK2-as2', 'Q8WQX8', 'FREPF', 'FREPK1']"
SGGQKQRVSL,5,0.000192,"['106072781', '106055334', '106062548', '106057293', '106068717']"
LWDTAGQERF,5,0.000192,"['106051224', '106057612', '106077482', '106076483', '106073645']"
CIFAYGQTGS,5,0.000192,"['106071594', '106071445', '106055400', '106059144', '106057456']"
QKQRVSLARA,5,0.000192,"['106055337', '106069554', '106062548', '106057293', '106068717']"
IVHRDLAARN,5,0.000192,"['106065621', '106066507', '106067432', '106062004', '106054466']"
GTIFAYGQTG,5,0.000192,"['106069714', '106064863', '106053636', '106054389', '106056808']"
PTCPGSSGAP,5,0.000192,"['106057312', '106059860', '106053656', '106053079', '106050471']"
LVGKTGHGKS,5,0.000192,"['106079284', '106062116', '106075351', '106080244', '106070426']"
LLDEATSALD,5,0.000192,"['106064166', '106058938', '106073827', '106066574', '106052752']"
GQTGSGKTFT,5,0.000192,"['106069714', '106064863', '106076225', '106052406', '106071445']"
GWIIFQRRIN,5,0.000192,"['FREPK4', 'FREP13.1', '106074953', '106057349', 'Q6EKX4']"
NRCQYCRLQK,5,0.000192,"['106059666', '106063832', '106070249', '106066152', '106077990']"
LLLIGKTGNG,5,0.000192,"['106050145', '106053354', '106065520', '106070413', '106060037']"
KVMCDTKTDG,5,0.000192,"['FREPB', 'FREPK2-as2', 'Q8WQX8', 'FREPF', 'FREPK1']"
RDLKPENLLL,5,0.000192,"['106080129', '106054487', '106066125', '106056256', '106077998']"
AGVVGLKMPR,5,0.000192,"['106071376', '106051817', '106052800', '106053202', '106074850']"
RLLLTGTPLQ,5,0.000192,"['106051202', '106074490', '106064963', '106052018', '106078781']"
SCQGDSGGPL,5,0.000192,"['106079970', '106070132', '106061971', '106077507', '106057387']"
PSTTTTTTTT,5,0.000192,"['106063259', '106072522', '106074102', '106073402', '106079450']"
IGMTTTGAAK,5,0.000192,"['106052896', '106060760', '106077429', '106058628', '106061826']"
RDLAARNCLV,5,0.000192,"['106061114', '106060271', '106066528', '106057633', '106054466']"
TTTSTTTSTT,5,0.000192,"['106071586', '106062126', '106075950', '106071908', '106069341']"
IVTMTTVGYG,5,0.000192,"['106079518', '106052238', '106072560', '106055730', '106062321']"
RNRCQYCRLQ,5,0.000192,"['106059666', '106063832', '106070249', '106066152', '106077990']"
CDTKTDGGGW,5,0.000192,"['FREPB', 'FREPK2-as2', 'Q8WQX8', 'FREPF', 'A0A1C7CZZ7']"
YNGTIFAYGQ,5,0.000192,"['106053608', '106064863', '106069714', '106073099', '106053636']"
ETQVKIWFQN,5,0.000192,"['106071506', '106059292', '106052733', '106074393', '106062863']"
LQIWDTAGQE,5,0.000192,"['106056917', '106064106', '106076968', '106069359', '106051946']"
GINLSGGQKQ,5,0.000192,"['106076375', '106060817', '106055334', '106051830', '106079166']"
GLKMPRYCLF,5,0.000192,"['106071376', '106051817', '106052800', '106053202', '106074850']"
VCYTNHALDQ,5,0.000192,"['106080276', '106052895', '106061858', '106052505', '106069345']"
LDDPLSAVDA,5,0.000192,"['106060817', '106053410', '106057293', '106057128', '106062148']"
CKGFFKRTVQ,5,0.000192,"['106056356', '106069992', '106062531', '106053326', '106060296']"
RCFFCGGGLR,5,0.000192,"['106076411', '106073990', '106076088', '106053648', '106061675']"
NGILADEMGL,5,0.000192,"['106078180', '106051202', '106074490', '106064963', '106078781']"
VGLKMPRYCL,5,0.000192,"['106071376', '106051817', '106052800', '106053202', '106074850']"
LIGDHQQLRP,5,0.000192,"['106052896', '106060760', '106077429', '106058628', '106061826']"
RNDNSSRFGK,5,0.000192,"['106055370', '106075614', '106060972', '106057773', '106056384']"
ERERERERER,5,0.000192,"['A0A182YTR8', '106075665', '106068970', '106075968', 'A0A182YTY2']"
CSLYINGGRN,5,0.000192,"['106064527', '106055998', '106052300', '106072290', '106057777']"
YGQTGSGKTF,5,0.000192,"['106069714', '106064863', '106076225', '106052406', '106071445']"
TTTSTTTTST,5,0.000192,"['106063768', '106067786', '106062126', '106055893', '106071908']"
QVKVWFQNRR,5,0.000192,"['106078423', '106054613', '106076791', '106079894', '106079502']"
HHHHHHHHHH,5,0.000192,"['106053190', '106057116', '106072307', '106062550', '106057816']"
HLILIGDHQQ,5,0.000192,"['106052896', '106060760', '106077429', '106058628', '106061826']"
CPGSSGAPVY,5,0.000192,"['106061821', '106054502', '106065935', '106059110', '106071038']"
GQKQRVSLAR,5,0.000192,"['106072781', '106055334', '106062548', '106057293', '106068717']"
GGQKQRVSLA,5,0.000192,"['106072781', '106055334', '106062548', '106057293', '106068717']"
PTTTTPTTTT,5,0.000192,"['106063449', '106055607', '106072522', '106058941', '106054754']"
ILADDMGLGK,5,0.000192,"['106069768', '106053629', '106062703', '106074090', '106078659']"
TTTTTSTTTS,5,0.000192,"['106061924', '106069341', '106076963', '106063488', '106054754']"
WFGYKCQYRD,5,0.000192,"['106079461', '106051129', '106078994', '106059067', '106067493']"
KSSTGNSILG,5,0.000192,"['106053987', '106051374', '106070415', '106071107', '106070431']"
YSGGNKRKLS,5,0.000192,"['106072029', '106053561', '106074331', '106070643', '106073553']"
TETQVKIWFQ,5,0.000192,"['106071506', '106059292', '106052733', '106074393', '106062863']"
GVVGLKMPRY,5,0.000192,"['106071376', '106051817', '106052800', '106053202', '106074850']"
NLSGGQKQRV,5,0.000192,"['106076375', '106060817', '106055334', '106075114', '106051830']"
TTSTTTTTTP,5,0.000192,"['106070436', '106067786', '106050855', '106066857', '106076963']"
INLSGGQKQR,5,0.000192,"['106076375', '106060817', '106055334', '106051830', '106079166']"
IRTHTGEKPF,5,0.000192,"['106077503', '106077381', '106055508', '106062754', '106057703']"
VGTPYWMAPE,5,0.000192,"['106056979', '106069858', '106070040', '106075259', '106067060']"
TPYWMAPEVI,5,0.000192,"['106056979', '106059440', '106066488', '106069858', '106070040']"
NPGYAGRTEL,5,0.000192,"['106065072', '106060369', '106061794', '106071343', '106056266']"
GGRVTDDWDR,5,0.000192,"['106076095', '106056933', '106066676', '106065753', '106066642']"
RHNLSLNKCF,5,0.000192,"['106065769', '106053940', '106053500', '106069188', '106057422']"
GYNGTIFAYG,5,0.000192,"['106053608', '106064863', '106069714', '106073099', '106053636']"
SGLKVMCDTK,5,0.000192,"['FREPB', 'FREPK2-as2', 'Q8WQX8', 'FREPF', 'FREPK1']"
RHLRTHTGEK,5,0.000192,"['106071267', '106063752', '106068530', '106055508', '106051160']"
TALMLAAQNG,5,0.000192,"['106065586', '106053455', 'A0A2C9JST1', '106068135', '106076764']"
FYAPWCGHCK,5,0.000192,"['106073096', '106051503', 'W5VJE2', '106070869', '106059161']"
FARSDELTRH,5,0.000192,"['106065017', '106069870', '106054617', '106065838', '106064548']"
RDLKPENILL,5,0.000192,"['106052819', '106074042', '106078255', '106067930', '106070907']"
DDDDDDDEDD,5,0.000192,"['106053514', '106069738', '106052924', '106056488', '106067747']"
PTTTTSTTTT,5,0.000192,"['106075745', '106067786', '106060424', '106071908', '106055893']"
EARVQVWFQN,5,0.000192,"['106063388', '106065211', '106055759', '106075071', '106058349']"
ILIGDHQQLR,5,0.000192,"['106052896', '106060760', '106077429', '106058628', '106061826']"
VIGMTTTGAA,5,0.000192,"['106052896', '106060760', '106077429', '106058628', '106061826']"
LILIGDHQQL,5,0.000192,"['106052896', '106060760', '106077429', '106058628', '106061826']"
GYAVGLGNVW,5,0.000192,"['106067728', '106054028', '106074865', '106061237', '106052972']"
FGGYLAEIDS,5,0.000192,"['106062451', '106061730', '106051156', '106078766', '106066901']"
ARVQVWFQNR,5,0.000192,"['106063388', '106065211', '106055759', '106075071', '106058349']"
YTNHALDQFL,5,0.000192,"['106080276', '106052895', '106061858', '106052505', '106069345']"
GRVTDDWDRR,5,0.000192,"['106076095', '106056933', '106066676', '106065753', '106066642']"
PGYAGRTELP,5,0.000192,"['106065072', '106060369', '106061794', '106071343', '106056266']"
LADDMGLGKT,5,0.000192,"['106069768', '106053629', '106062703', '106074090', '106078659']"
QGCLGYSDPP,5,0.000192,"['106069926', '106070731', '106052303', '106070735', '106061244']"
HRDLAARNCL,5,0.000192,"['106061114', '106060271', '106066528', '106057633', '106054466']"
DDDEDDDDDD,5,0.000192,"['106053514', '106062182', '106052924', '106053306', '106074940']"
LVINCSITNN,5,0.000192,"['FREPJ3', 'Q6E154', '106075156', 'FREP3.92', 'A0A182YTV2']"
